Search Terms,Num Searches
bouncy,9769
station,7411
lunch,3914
follow,2789
wiry,2825
ceaseless,1774
agreeable,8805
adaptable,517
innate,391
coast,5603
juicy,4289
flowers,8929
strap,4112
stiff,4845
spill,7684
owe,9812
entertaining,2943
produce,5221
discover,9919
hole,4734
tomatoes,1410
tick,8518
expansion,6420
giant,8295
walk,1772
tart,8669
same,5286
righteous,4400
learned,1177
bang,9060
island,4517
tough,9976
uncle,6048
suppose,183
muddle,7206
unbecoming,4588
lick,3907
snobbish,1645
industry,2915
wobble,1772
insect,7909
plug,9115
craven,3280
hot,8511
wealth,4740
rare,4693
interest,8050
lighten,3756
itchy,9287
prick,9947
pizzas,4513
command,6670
hissing,1361
stereotyped,3005
tail,6272
cast,5778
fertile,3595
stare,2324
throat,5757
innocent,4756
pointless,4143
mountain,8630
feeling,1374
sea,6754
loutish,6950
chief,2864
vacation,9445
pump,4181
mysterious,6919
crib,4828
suggestion,3609
arm,3208
dry,1783
achiever,6289
report,5664
next,9869
overjoyed,2780
tasty,1914
nutty,1829
enthusiastic,5266
beef,2951
noisy,8803
queue,6108
brake,4912
lock,7990
painful,4313
skin,665
likeable,4548
torpid,5601
plant,1748
daily,3014
number,5479
damage,4263
scold,7429
wholesale,4939
valuable,2643
satisfying,9828
scarf,3357
letters,5314
sedate,3647
tray,6962
front,7489
deeply,7180
ritzy,4636
loud,6193
blue-eyed,6854
territory,5051
silk,4721
rapid,7923
lie,2596
retire,4441
unhealthy,6909
dime,4290
books,3156
teeny,3742
shrill,6374
stocking,134
afterthought,2520
uttermost,8745
curved,9776
copy,9189
pipe,2283
depressed,5190
questionable,4909
house,556
tug,7098
grandmother,9928
crush,1554
pack,2971
steady,5190
bird,6129
spotty,1053
mass,5425
tall,4478
fang,9765
floor,2136
flavor,1064
fold,9688
shape,5172
extra-large,3720
substance,6464
treatment,9495
stupid,7522
neck,6295
stay,891
grip,2904
old-fashioned,511
borrow,1761
subdued,7091
prepare,8083
strong,4921
actually,3743
lying,8289
mate,3922
materialistic,8177
relation,9464
hapless,8395
queen,7732
vast,3494
sink,953
obedient,2886
stale,2675
chin,1024
splendid,2298
respect,7210
jeans,4186
strange,2099
representative,4918
admit,7411
kettle,6862
ordinary,6870
hateful,544
dock,3312
frail,7913
nauseating,245
sprout,254
delight,8304
important,4090
cry,4703
snakes,2606
birth,4459
delicious,9573
food,5874
approval,4224
plan,6353
whip,3464
toe,5750
fish,9011
tacky,9325
appreciate,2005
superb,7132
cheat,6747
dog,771
victorious,3199
political,7861
unused,395
resonant,6717
swanky,3123
classy,2529
makeshift,1025
zonked,752
difficult,7651
quarter,5172
push,4358
berry,647
sore,4622
fortunate,6123
correct,3674
bizarre,2096
utopian,6132
receipt,4401
greet,1220
muscle,8221
angry,214
available,5263
spotted,4000
health,8567
heavenly,5829
way,2986
sparkling,3821
time,9519
scarce,532
toothpaste,1722
interesting,1382
loose,3853
hurry,1057
kaput,4004
wren,2854
system,7081
seal,4716
gather,7797
protective,1723
clean,1657
allow,1481
chivalrous,4499
curve,2217
leather,4421
spiders,9463
nine,9768
education,8951
ground,7146
parsimonious,5172
spell,7489
pies,7311
quick,9702
rabbit,119
mundane,6505
absorbing,4874
rigid,6045
hands,5931
snake,9121
pine,6586
songs,7985
fail,252
fantastic,5486
thin,2243
fumbling,7361
complete,5871
bubble,6316
arrange,8027
modern,3567
paste,9819
eatable,5032
dirt,9110
cut,2095
risk,1204
toothsome,2885
sort,2300
friendly,5183
long-term,655
gun,7239
decide,9065
cold,6554
shallow,8391
quickest,6552
room,4638
basketball,1213
cheer,3426
labored,9986
hysterical,292
unarmed,8709
healthy,8407
repulsive,7797
habitual,2543
attack,1667
understood,6517
automatic,8912
error,5377
various,498
transport,4861
lettuce,3454
thrill,9437
society,7150
decorous,9787
division,7129
tiger,2922
hop,8948
motionless,4804
heap,604
voiceless,9142
trains,2757
thick,9704
wait,2368
improve,5716
desire,3216
bathe,9285
invention,7846
stomach,5221
irritate,1419
ski,8257
embarrass,4243
excellent,6367
damaging,7658
giddy,1775
form,6328
meat,245
wire,155
death,158
travel,6637
sneeze,1594
horrible,5314
anxious,7634
upbeat,5373
stir,9737
tested,7119
amount,2280
trace,6833
care,2574
outrageous,3237
crack,2143
appliance,7417
earsplitting,3568
disappear,4153
shock,5643
friend,2413
disturbed,5164
present,7259
frog,1153
calendar,1988
history,9915
reflect,5476
sophisticated,1672
like,8449
current,7766
plough,1371
acid,537
changeable,3993
claim,2722
useful,1986
adjustment,7729
brother,6940
scale,5922
defiant,3294
swing,4423
example,6401
laborer,6044
disastrous,2075
ripe,9540
toad,9625
afford,9939
ubiquitous,7013
spade,5920
highfalutin,2167
crooked,7973
big,6631
selection,1437
familiar,7188
boast,3219
yell,3212
birds,8040
cover,2126
race,6393
place,5420
tenuous,4942
direction,1593
spray,4043
powder,8652
blade,8306
money,6615
educated,845
mouth,1961
worm,1094
numerous,4786
cabbage,4163
groovy,5354
mess up,4271
abrupt,7940
unruly,4823
imported,922
wool,9225
cobweb,7286
aware,3540
arrive,5850
ajar,8493
aloof,2623
five,3499
weary,9246
destroy,3421
sloppy,8451
addition,2043
gleaming,8821
moaning,2628
sour,9131
holistic,1028
subtract,271
basket,424
sofa,1175
evasive,2948
liquid,6646
bite-sized,2078
fruit,8505
unnatural,2112
arch,7729
quicksand,6416
recondite,4403
fearful,6363
silver,1443
arithmetic,5666
half,7607
calculating,4014
awake,9802
confuse,6859
hilarious,3630
ad hoc,7391
squeak,366
exclusive,4187
spicy,7736
robin,8493
acrid,4978
roomy,365
clammy,181
pin,2051
back,3398
connection,2547
twist,1991
picture,5251
zesty,9749
many,771
scrawny,6142
longing,3541
note,9130
educate,5561
bewildered,9354
cruel,2618
wheel,5586
sugar,6410
boundary,6474
vein,9740
board,3081
entertain,6830
cloistered,8982
attend,3957
drop,6690
multiply,9110
tense,8447
disgusted,527
extra-small,7476
flower,4501
frame,780
cushion,7631
flaky,818
zipper,9560
silly,6504
panicky,9110
common,4753
earthy,3078
van,4046
unaccountable,3896
describe,4741
art,8223
exist,1181
filthy,1152
finicky,6670
corn,8965
giraffe,9640
cool,4897
typical,6625
illegal,6529
monkey,3878
aspiring,4739
identify,3252
pigs,8910
handle,6284
sky,2477
kind,8129
plot,2809
shaggy,3832
apologise,4372
rightful,9621
overrated,6980
rejoice,5001
mailbox,8469
float,2866
poised,1637
assorted,7286
pull,328
stretch,8828
locket,512
screeching,6494
subsequent,795
planes,6526
relieved,8328
pick,8435
helpless,6064
pets,8526
treat,5449
paltry,7420
fact,6851
worthless,2836
box,4862
scorch,5845
robust,3337
scandalous,3989
knock,1356
radiate,2141
imaginary,7237
creator,5048
ball,4253
kill,1154
girls,1733
bad,8962
wander,7882
zephyr,8628
toothbrush,6892
wakeful,6452
servant,1906
aberrant,4030
depend,8873
soothe,2954
harmonious,1325
show,4089
rule,8216
billowy,7918
sad,1345
deranged,4172
color,9987
rainstorm,116
squeeze,6510
right,5137
dull,2464
accept,8469
nippy,6056
receive,8174
windy,9909
colour,8140
dependent,2611
step,7012
quiver,2917
grape,9673
elite,5229
public,5603
juice,4939
roof,5570
brave,863
private,4675
magnificent,147
drum,2826
rat,8821
compete,502
talk,5245
bent,4641
yummy,2691
cook,9600
railway,8252
abnormal,9854
attract,5228
quince,8200
avoid,2602
nondescript,2337
troubled,8847
mug,8429
caring,1346
better,729
surround,367
activity,4969
acoustics,5037
dress,9396
brawny,3829
bucket,9076
few,8942
scissors,9971
excited,851
skate,7766
wind,5051
ludicrous,4760
digestion,4449
daughter,1391
malicious,4281
ultra,9027
earth,7368
gainful,6246
clip,1143
amuck,2713
apparel,5071
seemly,5894
saw,9792
dogs,7991
switch,2094
field,1262
venomous,9494
provide,8820
naughty,8055
forgetful,1970
general,7021
two,7978
distinct,1262
childlike,8177
mom,933
straw,7522
yak,2015
bear,8886
hungry,6850
escape,8312
belong,8761
blush,5342
eight,528
spotless,4520
tacit,9268
pumped,7923
didactic,9765
sniff,3542
airplane,7413
accessible,8144
maniacal,3083
medical,5059
delightful,3792
helpful,8303
curvy,6146
wise,9981
match,2063
signal,9245
mere,7120
punch,4512
save,4181
gaze,9478
eggs,1283
practise,899
dad,7910
week,686
gorgeous,9880
wing,5184
shiny,3547
shelter,2839
knotty,7159
fence,8374
inexpensive,9461
abhorrent,9647
first,9525
greedy,9108
conscious,9325
petite,7299
porter,5458
metal,508
silent,494
guess,3798
tour,6384
electric,9390
slip,1360
rose,8024
burst,8457
look,8345
thunder,6681
scrape,888
appear,1944
truck,5991
admire,1759
aggressive,8823
godly,6036
amuse,7664
observant,9316
ducks,1074
nostalgic,6035
snails,8844
cakes,2134
cute,8244
partner,761
branch,9314
shiver,9050
wrench,8469
plain,3195
smash,5509
hypnotic,9273
night,7904
gentle,917
dapper,1909
prefer,2806
dynamic,5629
successful,8315
intelligent,3364
gamy,7557
war,9856
trick,6740
hurried,9014
symptomatic,1173
null,5759
uninterested,5160
disagree,4810
skip,376
hulking,2756
slap,8015
pet,3028
concerned,8168
equable,9362
mixed,9571
elfin,4675
day,5499
record,913
invite,7953
different,5970
round,8084
hook,7385
future,9549
bat,5436
thinkable,545
painstaking,3357
clear,7946
hesitant,7603
disillusioned,477
crate,4455
substantial,3828
hideous,3218
swift,544
blink,1170
annoying,6059
bushes,4520
prose,7849
sticks,2345
rhyme,9934
hard,9430
secret,6727
volleyball,4000
load,8663
detect,2888
cooperative,9468
rely,9825
yam,1744
impartial,6735
colossal,1453
act,6616
unusual,2733
jolly,2470
ignorant,5850
land,4054
hospitable,6573
self,7936
detail,2357
bite,9835
leg,6790
blot,4137
demonic,2325
support,3243
loaf,6439
descriptive,8545
axiomatic,3561
bored,7140
knife,8409
natural,6058
mother,9598
womanly,8342
string,8785
debt,6629
bolt,9585
adhesive,4405
grandiose,6227
part,6875
roll,285
puffy,6436
sponge,9209
flat,1158
channel,3450
ray,6185
puncture,699
gold,6102
royal,4783
telephone,9758
zany,7763
label,8930
business,7432
crowd,3760
pale,5864
hair,5548
flawless,1825
expect,957
badge,5905
surprise,2252
marble,1800
internal,168
abiding,8419
piquant,7307
tearful,7038
zoo,3891
recess,9639
animal,4008
coat,7488
jellyfish,5559
trip,4564
peep,5512
cherries,1606
volcano,3994
nut,9746
apathetic,1620
wave,5279
square,3829
phobic,7123
hurt,1959
rhetorical,7956
kitty,6253
flashy,7767
pie,2635
pop,6512
believe,2892
pen,5112
serious,3758
gruesome,2717
damp,9733
ambiguous,297
lethal,4667
skillful,9949
suggest,1172
somber,3411
beg,1651
capricious,5453
paper,4948
obese,5543
garrulous,1765
cracker,3547
plane,130
regular,3114
spoil,7861
fry,5697
ocean,8651
youthful,9703
neighborly,3632
power,7430
name,295
giants,8495
lip,3523
impossible,415
dreary,7844
found,2713
abandoned,3479
run,8938
skirt,4868
squalid,4152
apparatus,707
effect,1297
female,479
umbrella,1818
can,6634
wrong,4131
bone,9917
uncovered,9302
humor,6653
pollution,4252
handsome,1084
premium,203
best,8949
zippy,6716
include,3590
wish,3419
bulb,1499
small,4924
sign,9578
flood,6492
oven,7609
endurable,5433
economic,4366
flag,4696
expand,6946
woebegone,6951
mighty,6109
sun,2419
gusty,7812
winter,492
shy,6164
welcome,3517
size,9084
madly,2751
trucks,659
airport,2411
worried,5734
bottle,5385
agonizing,2225
normal,3358
prickly,4196
bow,8982
sticky,7415
last,1992
melt,2041
high-pitched,1666
nappy,8326
camp,8136
please,502
rampant,8273
geese,7473
snotty,4483
bell,1491
hallowed,5157
smell,4394
glue,9476
payment,6141
ambitious,6662
pest,5180
smile,2536
cent,5156
soak,3925
behave,2764
letter,9012
one,719
auspicious,8078
male,2985
condemned,6310
pancake,2135
trail,3254
inject,8240
odd,826
remember,2584
late,2567
whistle,2361
remove,5789
lumpy,3523
carry,8956
mean,4446
afraid,1739
cave,5266
plants,255
dead,2813
fasten,9767
copper,1183
clumsy,9153
weak,238
sail,6920
home,5193
material,6272
whole,7838
dream,2893
close,6326
peel,3226
tasteful,5700
telling,3499
veil,4985
dangerous,9671
selective,2401
evanescent,442
flock,8162
lush,3007
pray,4847
shake,2371
violet,4325
dust,9597
greasy,6595
playground,2610
obtain,6847
untidy,1326
alert,8825
rotten,9347
list,3825
hug,7058
humdrum,1223
wandering,3848
weather,5814
succeed,3421
used,1412
puzzled,8486
jazzy,4541
rush,3937
glass,7024
pleasure,7731
thaw,9120
lowly,9271
waste,6085
gate,6903
overt,5516
whisper,8164
expensive,9298
nimble,2146
jumpy,1750
fat,8537
shade,2417
fetch,1296
necessary,4993
manage,6468
delay,8657
chilly,6518
scribble,8322
smart,3342
type,8164
tendency,9008
view,8463
obnoxious,795
carpenter,3194
open,1231
wretched,362
pass,9749
hang,2263
mellow,2596
gabby,7262
adamant,9675
dam,1262
vegetable,6392
